{
  "project_info": {
    "project_number": "210173182680",
    "firebase_url": "https://fir-demo-4d16f.firebaseio.com",
    "project_id": "fir-demo-4d16f",
    "storage_bucket": "fir-demo-4d16f.appspot.com"
  },
  "client": [
    {
      "client_info": {
        "mobilesdk_app_id": "1:210173182680:android:533a59a7a410abe4e94dad",
        "android_client_info": {
          "package_name": "com.example.firebasedemo"
        }
      },
      "oauth_client": [
        {
          "client_id": "210173182680-t6t4eorclo2jcmajhm2a65pthdcg3jnc.apps.googleusercontent.com",
          "client_type": 1,
          "android_info": {
            "package_name": "com.example.firebasedemo",
            "certificate_hash": "75727728cd2efb9af4fb759924fa59732119e8c9"
          }
        },
        {
          "client_id": "210173182680-94p0re7pv784q3vvnsqh3isbj4n0n2gt.apps.googleusercontent.com",
          "client_type": 3
        }
      ],
      "api_key": [
        {
          "current_key": "AIzaSyD_Wbj8o3eOYkdd_RLNOpDMTOBF4jb1DvE"
        }
      ],
      "services": {
        "appinvite_service": {
          "other_platform_oauth_client": [
            {
              "client_id": "210173182680-94p0re7pv784q3vvnsqh3isbj4n0n2gt.apps.googleusercontent.com",
              "client_type": 3
            }
          ]
        }
      }
    }
  ],
  "configuration_version": "1"
}